{
    "loss": 4.669023513793945,
    "accuracy": 0.7363296747207642
}